;6;7;8;9;10;11;12;13;14;15;16;17;18;19;20;21;22;23;24;25;26;27;28;29;30;31;32;33;34;35;36;37;38;39;40;41;42;43;44;45;46;47;48;49;50;51;52;53;54;55;56;57;58;59;60;61;62;63;64;65;66;67;68;69;70;71;72;73;74;75;76;77;78;79;80;81;82;83;84;85;86;87;88;89;90;91;92;93;94;95;96;97;98;99;100
0;33.5;34;34.5;35;35.5;36;36.5;37;37.4;37.9;38.4;38.9;39.3;39.4;39.4;39.4;39.4;39.4;39.4;39.5;39.5;39.5;39.5;39.5;39.5;39.6;39.7;39.8;39.9;40;40.1;40.2;40.3;40.4;40.5;40.6;40.7;40.7;40.8;40.9;40.9;41;41;41.1;41.2;41.2;41.3;41.4;41.4;41.5;41.5;41.6;41.7;41.7;41.8;41.9;42;42.1;42.2;42.3;42.4;42.5;42.6;42.7;42.8;42.9;43;43.1;43.2;43.3;43.4;43.5;43.6;43.7;43.8;43.9;44;44.1;44.2;44.3;44.4;44.5;44.6;44.7;44.8;44.9;45;45.1;45.2;45.3;45.4;45.5;45.6;45.7;45.8
5;88;87.9;87.9;87.9;87.8;87.8;87.7;85.3;82.9;80.4;78;75.5;73.1;73.1;73.1;73.1;73.1;73.1;73.2;73.2;73.2;73.2;73.2;73.2;73.2;73.2;73.2;73.3;73.3;73.3;73.3;73.4;73.4;73.4;73.4;73.4;73.5;73.5;73.6;73.6;73.7;73.7;73.8;73.8;73.9;73.9;74;74;74.1;74.1;74.2;74.2;74.3;74.3;74.4;74.5;74.6;74.6;74.7;74.8;74.9;75;75;75.1;75.2;75.3;75.4;75.5;75.5;75.6;75.7;75.8;75.9;76;76;76.1;76.2;76.3;76.4;76.5;76.6;76.7;76.8;76.8;76.9;77;77.1;77.2;77.3;77.4;77.5;77.6;77.6;77.7;77.8
10;100.7;100.4;100.2;100;99.8;99.5;99.3;98.8;98.4;97.9;97.4;97;96.5;96.5;96.4;96.4;96.4;96.4;96.3;96.3;96.3;96.3;96.2;96.2;96.2;96.2;96.2;96.2;96.1;96.1;96.1;96.1;96.1;96.1;96.1;96.1;96;96.1;96.1;96.1;96.2;96.2;96.2;96.3;96.3;96.3;96.4;96.4;96.4;96.5;96.5;96.5;96.6;96.6;96.6;96.6;96.6;96.6;96.6;96.6;96.6;96.6;96.6;96.6;96.6;96.6;96.6;96.6;96.6;96.6;96.6;96.6;96.6;96.6;96.6;96.6;96.6;96.7;96.7;96.7;96.7;96.8;96.8;96.8;96.9;96.9;96.9;96.9;97;97;97;97;97.1;97.1;97.1
15;100;100;100;100;100;100;100;100;100;100;100;100;100;100;100;100;100;100;100;100;100;100;100;100;100;100;100;100;100;100;100;100;100;100;100;100;100;100;100;100;100;100;100;100;100;100;100;100;100;100;100;100;100;100;100;100;100;100;100;100;100;100;100;100;100;100;100;100;100;100;100;100;100;100;100;100;100;100;100;100;100;100;100;100;100;100;100;100;100;100;100;100;100;100;100
20;97.3;97.4;97.5;97.6;97.7;97.8;97.9;98;98.1;98.1;98.2;98.3;98.4;98.4;98.5;98.5;98.6;98.6;98.6;98.7;98.7;98.8;98.8;98.9;98.9;98.9;98.9;98.9;98.9;98.9;98.9;98.9;98.9;98.9;98.9;98.9;98.9;98.9;98.9;98.9;99;99;99;99;99;99;99;99;99;99;99;99.1;99.1;99.1;99.1;99.1;99.1;99.1;99.1;99.1;99.1;99.1;99.1;99.1;99.1;99.1;99.1;99.1;99.1;99.1;99;99;99;99;99;99;99;99;99;99;99;99;99;99;99;99;99;99;99;99;99;99;99;99;99
25;93.5;93.8;94;94.3;94.5;94.8;95;95.1;95.2;95.4;95.5;95.6;95.7;95.8;95.8;95.9;96;96;96.1;96.2;96.3;96.3;96.4;96.5;96.5;96.6;96.6;96.6;96.6;96.6;96.6;96.6;96.7;96.7;96.7;96.7;96.7;96.7;96.8;96.8;96.8;96.8;96.8;96.8;96.8;96.9;96.9;96.9;96.9;96.9;96.9;96.9;97;97;97;97;97;97;97;97;97;97;97;97;97;97;97;97;97;97;97;97;97;97;97;97;97;97;97;97;97;97;97;97;97;97;97.1;97.1;97.1;97.1;97.1;97.1;97.1;97.1;97.1
30;90.6;90.8;91.1;91.4;91.6;91.9;92.1;92.3;92.4;92.5;92.7;92.8;92.9;93;93.1;93.2;93.3;93.4;93.5;93.6;93.7;93.7;93.8;93.9;94;94;94.1;94.1;94.1;94.1;94.1;94.1;94.2;94.2;94.2;94.2;94.2;94.3;94.3;94.3;94.3;94.4;94.4;94.4;94.5;94.5;94.5;94.5;94.6;94.6;94.6;94.6;94.7;94.7;94.7;94.7;94.7;94.7;94.8;94.8;94.8;94.8;94.8;94.8;94.8;94.8;94.8;94.8;94.8;94.9;94.9;94.9;94.9;94.9;94.9;94.9;94.9;94.9;94.9;94.9;94.9;94.9;95;95;95;95;95;95;95;95;95;95;95;95;95
35;87.3;87.6;87.9;88.2;88.5;88.8;89.1;89.2;89.4;89.5;89.7;89.8;90;90.1;90.2;90.3;90.4;90.5;90.6;90.7;90.8;90.9;91;91.1;91.3;91.3;91.3;91.3;91.4;91.4;91.4;91.5;91.5;91.5;91.6;91.6;91.6;91.6;91.7;91.7;91.7;91.8;91.8;91.8;91.8;91.9;91.9;91.9;92;92;92;92;92.1;92.1;92.1;92.2;92.2;92.2;92.3;92.3;92.3;92.4;92.4;92.4;92.4;92.5;92.5;92.5;92.6;92.6;92.6;92.7;92.7;92.7;92.8;92.8;92.8;92.8;92.8;92.8;92.8;92.8;92.9;92.9;92.9;92.9;92.9;92.9;92.9;92.9;92.9;93;93;93;93
40;84;84.4;84.7;85.1;85.5;85.9;86.3;86.4;86.6;86.7;86.9;87;87.1;87.3;87.4;87.5;87.7;87.8;87.9;88;88.2;88.3;88.4;88.5;88.7;88.7;88.8;88.8;88.9;89;89;89.1;89.1;89.2;89.2;89.3;89.4;89.4;89.4;89.4;89.4;89.4;89.5;89.5;89.5;89.5;89.5;89.5;89.6;89.6;89.6;89.6;89.6;89.6;89.7;89.7;89.8;89.8;89.9;89.9;89.9;90;90;90.1;90.1;90.2;90.2;90.3;90.3;90.4;90.4;90.5;90.5;90.5;90.6;90.6;90.6;90.6;90.6;90.7;90.7;90.7;90.7;90.7;90.7;90.8;90.8;90.8;90.8;90.8;90.8;90.8;90.9;90.9;90.9
45;81.3;81.7;82.1;82.5;83;83.4;83.8;83.9;84;84.1;84.2;84.3;84.4;84.5;84.7;84.8;84.9;85.1;85.2;85.4;85.5;85.6;85.8;85.9;86;86.1;86.2;86.2;86.3;86.4;86.4;86.5;86.6;86.6;86.7;86.8;86.8;86.9;86.9;87;87;87;87.1;87.1;87.1;87.2;87.2;87.2;87.3;87.3;87.3;87.4;87.4;87.5;87.5;87.5;87.6;87.6;87.7;87.7;87.7;87.8;87.8;87.9;87.9;88;88;88.1;88.1;88.1;88.2;88.2;88.3;88.3;88.4;88.4;88.4;88.4;88.4;88.5;88.5;88.5;88.5;88.5;88.6;88.6;88.6;88.6;88.6;88.7;88.7;88.7;88.7;88.7;88.8
50;78.6;78.9;79.3;79.6;79.9;80.3;80.6;80.8;81;81.2;81.4;81.6;81.8;81.9;82;82.2;82.3;82.4;82.6;82.7;82.9;83;83.1;83.3;83.4;83.5;83.6;83.6;83.7;83.8;83.9;84;84.1;84.1;84.2;84.3;84.4;84.4;84.5;84.5;84.6;84.6;84.7;84.7;84.8;84.8;84.9;84.9;84.9;85;85;85.1;85.1;85.2;85.2;85.3;85.3;85.4;85.4;85.5;85.5;85.6;85.6;85.7;85.7;85.8;85.8;85.9;85.9;86;86;86.1;86.1;86.2;86.2;86.2;86.3;86.3;86.3;86.3;86.3;86.4;86.4;86.4;86.4;86.4;86.5;86.5;86.5;86.5;86.5;86.6;86.6;86.6;86.6
55;76;76.4;76.8;77.2;77.6;78;78.4;78.5;78.7;78.8;78.9;79.1;79.2;79.3;79.4;79.6;79.7;79.8;79.9;80;80.2;80.3;80.4;80.5;80.6;80.7;80.9;81;81.1;81.2;81.3;81.4;81.5;81.6;81.7;81.8;81.9;82;82;82.1;82.1;82.2;82.3;82.3;82.4;82.4;82.5;82.5;82.6;82.7;82.7;82.8;82.8;82.9;82.9;83;83;83.1;83.2;83.2;83.3;83.3;83.4;83.4;83.5;83.6;83.6;83.7;83.7;83.8;83.8;83.9;83.9;84;84.1;84.1;84.1;84.1;84.2;84.2;84.2;84.2;84.3;84.3;84.3;84.3;84.4;84.4;84.4;84.4;84.5;84.5;84.5;84.5;84.6
60;72.7;73.2;73.6;74;74.4;74.9;75.3;75.5;75.7;75.8;76;76.2;76.4;76.6;76.7;76.9;77;77.2;77.3;77.5;77.7;77.8;78;78.1;78.3;78.4;78.5;78.6;78.7;78.8;78.9;79;79.1;79.2;79.4;79.5;79.6;79.6;79.7;79.7;79.8;79.8;79.8;79.9;79.9;80;80;80.1;80.1;80.2;80.2;80.3;80.3;80.3;80.4;80.5;80.5;80.6;80.7;80.8;80.8;80.9;81;81.1;81.2;81.2;81.3;81.4;81.5;81.5;81.6;81.7;81.8;81.8;81.9;81.9;82;82;82;82.1;82.1;82.1;82.2;82.2;82.2;82.3;82.3;82.3;82.4;82.4;82.4;82.5;82.5;82.5;82.6
65;70.9;71.3;71.6;72;72.3;72.7;73;73.2;73.4;73.5;73.7;73.8;74;74.2;74.3;74.5;74.6;74.8;74.9;75.1;75.3;75.4;75.6;75.7;75.9;76;76.1;76.2;76.3;76.5;76.6;76.7;76.8;76.9;77;77.1;77.2;77.3;77.3;77.4;77.4;77.5;77.5;77.6;77.6;77.7;77.7;77.8;77.8;77.9;77.9;78;78;78.1;78.1;78.2;78.3;78.4;78.5;78.5;78.6;78.7;78.8;78.9;79;79;79.1;79.2;79.3;79.4;79.5;79.5;79.6;79.7;79.8;79.8;79.9;79.9;79.9;80;80;80;80.1;80.1;80.1;80.2;80.2;80.2;80.3;80.3;80.3;80.4;80.4;80.5;80.5
70;68.5;68.8;69.1;69.4;69.6;69.9;70.2;70.5;70.7;70.9;71.1;71.3;71.5;71.7;71.8;72;72.2;72.3;72.5;72.7;72.8;73;73.2;73.3;73.5;73.6;73.7;73.8;74;74.1;74.2;74.3;74.4;74.6;74.7;74.8;74.9;74.9;75;75;75.1;75.1;75.1;75.2;75.2;75.3;75.3;75.4;75.4;75.4;75.5;75.5;75.6;75.6;75.6;75.7;75.8;75.9;76;76.2;76.3;76.4;76.5;76.6;76.7;76.8;76.9;77;77.1;77.2;77.3;77.4;77.5;77.6;77.7;77.7;77.8;77.8;77.9;77.9;78;78;78.1;78.1;78.1;78.2;78.2;78.3;78.3;78.4;78.4;78.5;78.5;78.5;78.6
75;66.2;66.5;66.8;67.1;67.4;67.7;68;68.2;68.4;68.6;68.8;69;69.2;69.3;69.5;69.7;69.8;70;70.2;70.3;70.5;70.7;70.9;71;71.2;71.3;71.5;71.6;71.7;71.9;72;72.1;72.3;72.4;72.5;72.7;72.8;72.8;72.9;73;73;73.1;73.1;73.2;73.2;73.3;73.3;73.4;73.4;73.5;73.5;73.6;73.6;73.7;73.7;73.8;73.9;74;74.1;74.2;74.3;74.4;74.5;74.6;74.7;74.8;74.9;75;75.1;75.2;75.3;75.4;75.5;75.6;75.7;75.7;75.8;75.8;75.9;75.9;76;76;76;76.1;76.1;76.2;76.2;76.3;76.3;76.3;76.4;76.4;76.5;76.5;76.6
80;64;64.3;64.6;64.9;65.2;65.6;65.9;66.1;66.2;66.4;66.6;66.8;67;67.2;67.3;67.5;67.7;67.9;68.1;68.2;68.4;68.6;68.8;69;69.1;69.3;69.4;69.5;69.6;69.8;69.9;70;70.1;70.2;70.4;70.5;70.6;70.7;70.7;70.8;70.9;70.9;71;71;71.1;71.2;71.2;71.3;71.3;71.4;71.5;71.5;71.6;71.6;71.7;71.8;71.9;72;72.1;72.2;72.3;72.4;72.5;72.6;72.7;72.8;72.9;73;73.1;73.2;73.3;73.4;73.5;73.6;73.7;73.7;73.8;73.8;73.9;73.9;73.9;74;74;74.1;74.1;74.2;74.2;74.3;74.3;74.4;74.4;74.5;74.5;74.6;74.6
85;61.9;62.3;62.6;62.9;63.3;63.6;63.9;64.1;64.3;64.4;64.6;64.8;64.9;65.1;65.3;65.4;65.6;65.8;66;66.1;66.3;66.5;66.7;66.9;67;67.1;67.3;67.4;67.5;67.6;67.8;67.9;68;68.1;68.3;68.4;68.5;68.6;68.6;68.7;68.8;68.8;68.9;69;69;69.1;69.2;69.2;69.3;69.4;69.4;69.5;69.6;69.6;69.7;69.8;69.9;70;70.1;70.2;70.3;70.4;70.5;70.6;70.7;70.8;70.9;71;71.1;71.2;71.3;71.4;71.5;71.6;71.7;71.7;71.8;71.8;71.9;71.9;72;72;72.1;72.1;72.2;72.2;72.3;72.3;72.4;72.4;72.5;72.5;72.6;72.6;72.7
90;59.7;60.1;60.4;60.8;61.1;61.5;61.8;62;62.2;62.3;62.5;62.6;62.8;63;63.1;63.3;63.5;63.7;63.8;64;64.2;64.4;64.5;64.7;64.9;65;65.1;65.3;65.4;65.5;65.6;65.8;65.9;66;66.2;66.3;66.4;66.5;66.6;66.6;66.7;66.8;66.8;66.9;67;67;67.1;67.2;67.3;67.3;67.4;67.5;67.5;67.6;67.7;67.8;67.9;68;68.1;68.2;68.3;68.4;68.5;68.6;68.7;68.8;68.9;69;69.1;69.2;69.3;69.4;69.5;69.6;69.7;69.8;69.8;69.9;69.9;70;70.1;70.1;70.2;70.2;70.3;70.3;70.4;70.4;70.5;70.6;70.6;70.7;70.7;70.8;70.8
95;57.8;58.2;58.6;59;59.4;59.8;60.2;60.3;60.4;60.5;60.7;60.8;60.9;61.1;61.2;61.4;61.6;61.7;61.9;62;62.2;62.4;62.5;62.7;62.8;63;63.1;63.2;63.3;63.5;63.6;63.7;63.9;64;64.1;64.2;64.4;64.4;64.5;64.6;64.7;64.7;64.8;64.9;64.9;65;65.1;65.2;65.2;65.3;65.4;65.4;65.5;65.6;65.7;65.8;65.9;66;66.1;66.2;66.3;66.4;66.5;66.7;66.8;66.9;67;67.1;67.2;67.3;67.4;67.5;67.6;67.8;67.9;67.9;68;68;68.1;68.2;68.2;68.3;68.3;68.4;68.4;68.5;68.6;68.6;68.7;68.7;68.8;68.9;68.9;69;69
100;55.9;56.2;56.6;56.9;57.3;57.6;58;58.2;58.3;58.5;58.7;58.9;59.1;59.2;59.4;59.5;59.6;59.8;59.9;60;60.2;60.3;60.5;60.6;60.7;60.9;61;61.2;61.3;61.5;61.6;61.7;61.9;62;62.2;62.3;62.5;62.5;62.6;62.7;62.8;62.9;63;63.1;63.2;63.2;63.3;63.4;63.5;63.6;63.7;63.8;63.8;63.9;64;64.1;64.2;64.3;64.4;64.5;64.6;64.7;64.8;64.9;65;65.1;65.2;65.3;65.4;65.5;65.6;65.7;65.8;65.9;66;66;66.1;66.1;66.2;66.3;66.3;66.4;66.4;66.5;66.6;66.6;66.7;66.7;66.8;66.9;66.9;67;67;67.1;67.2
105;54.5;54.8;55;55.3;55.6;55.8;56.1;56.3;56.5;56.7;56.9;57.1;57.3;57.4;57.5;57.6;57.8;57.9;58;58.2;58.3;58.4;58.6;58.7;58.8;59;59.1;59.3;59.4;59.6;59.7;59.9;60;60.2;60.3;60.5;60.6;60.7;60.8;60.9;61;61;61.1;61.2;61.3;61.3;61.4;61.5;61.6;61.6;61.7;61.8;61.9;62;62;62.1;62.3;62.4;62.5;62.6;62.7;62.8;62.9;63;63.1;63.2;63.3;63.4;63.6;63.7;63.8;63.9;64;64.1;64.2;64.3;64.3;64.4;64.4;64.5;64.6;64.6;64.7;64.7;64.8;64.9;64.9;65;65;65.1;65.2;65.2;65.3;65.3;65.4
110;52.8;53;53.2;53.4;53.6;53.9;54.1;54.3;54.5;54.8;55;55.2;55.4;55.6;55.7;55.9;56;56.1;56.3;56.4;56.5;56.7;56.8;56.9;57.1;57.2;57.4;57.5;57.7;57.8;57.9;58.1;58.2;58.4;58.5;58.7;58.8;58.9;59;59.1;59.1;59.2;59.3;59.4;59.4;59.5;59.6;59.7;59.8;59.8;59.9;60;60.1;60.1;60.2;60.3;60.5;60.6;60.7;60.8;60.9;61;61.1;61.2;61.4;61.5;61.6;61.7;61.8;61.9;62;62.2;62.3;62.4;62.5;62.6;62.6;62.7;62.7;62.8;62.8;62.9;63;63;63.1;63.1;63.2;63.3;63.3;63.4;63.4;63.5;63.5;63.6;63.7
115;51.1;51.3;51.5;51.8;52;52.2;52.5;52.7;52.8;53;53.2;53.4;53.6;53.7;53.9;54;54.1;54.3;54.4;54.6;54.7;54.8;55;55.1;55.3;55.4;55.6;55.7;55.9;56;56.1;56.3;56.4;56.6;56.7;56.9;57;57.1;57.2;57.2;57.3;57.4;57.5;57.5;57.6;57.7;57.8;57.8;57.9;58;58.1;58.1;58.2;58.3;58.4;58.5;58.6;58.7;58.8;58.9;59.1;59.2;59.3;59.4;59.5;59.6;59.8;59.9;60;60.1;60.2;60.3;60.4;60.6;60.7;60.7;60.8;60.8;60.9;61;61;61.1;61.1;61.2;61.2;61.3;61.4;61.4;61.5;61.5;61.6;61.7;61.7;61.8;61.8
120;49.3;49.6;49.9;50.2;50.5;50.8;51.1;51.2;51.3;51.5;51.6;51.7;51.8;52;52.1;52.2;52.4;52.5;52.7;52.8;52.9;53.1;53.2;53.4;53.5;53.7;53.8;53.9;54.1;54.2;54.4;54.5;54.7;54.8;54.9;55.1;55.2;55.3;55.4;55.4;55.5;55.6;55.7;55.7;55.8;55.9;55.9;56;56.1;56.2;56.2;56.3;56.4;56.5;56.5;56.6;56.8;56.9;57;57.1;57.2;57.4;57.5;57.6;57.7;57.8;58;58.1;58.2;58.3;58.4;58.6;58.7;58.8;58.9;59;59.1;59.1;59.2;59.3;59.3;59.4;59.4;59.5;59.6;59.6;59.7;59.8;59.8;59.9;60;60;60.1;60.2;60.2
125;47.6;47.8;48.1;48.3;48.6;48.8;49.1;49.2;49.4;49.6;49.8;50;50.2;50.3;50.5;50.6;50.7;50.9;51;51.1;51.3;51.4;51.6;51.7;51.8;52;52.1;52.3;52.4;52.6;52.7;52.9;53;53.2;53.3;53.5;53.6;53.7;53.8;53.9;54;54;54.1;54.2;54.3;54.3;54.4;54.5;54.6;54.6;54.7;54.8;54.9;54.9;55;55.1;55.2;55.4;55.5;55.6;55.7;55.8;55.9;56.1;56.2;56.3;56.4;56.5;56.7;56.8;56.9;57;57.1;57.2;57.4;57.4;57.5;57.5;57.6;57.6;57.7;57.8;57.8;57.9;57.9;58;58.1;58.1;58.2;58.2;58.3;58.4;58.4;58.5;58.5
130;45.8;46.1;46.4;46.8;47.1;47.5;47.8;48;48.1;48.3;48.4;48.5;48.7;48.8;49;49.1;49.2;49.4;49.5;49.6;49.8;49.9;50;50.2;50.3;50.4;50.6;50.7;50.9;51;51.1;51.3;51.4;51.6;51.7;51.8;52;52.1;52.1;52.2;52.3;52.4;52.5;52.5;52.6;52.7;52.8;52.9;52.9;53;53.1;53.2;53.3;53.3;53.4;53.5;53.7;53.8;53.9;54;54.1;54.2;54.4;54.5;54.6;54.7;54.8;54.9;55.1;55.2;55.3;55.4;55.5;55.7;55.8;55.8;55.9;56;56;56.1;56.2;56.3;56.3;56.4;56.5;56.5;56.6;56.7;56.7;56.8;56.9;57;57;57.1;57.2
135;44;44.3;44.7;45;45.3;45.6;46;46.2;46.4;46.6;46.8;47;47.2;47.3;47.4;47.6;47.7;47.8;47.9;48.1;48.2;48.3;48.5;48.6;48.7;48.9;49;49.2;49.3;49.5;49.6;49.8;49.9;50.1;50.2;50.4;50.5;50.6;50.7;50.8;50.8;50.9;51;51;51.1;51.2;51.3;51.3;51.4;51.5;51.5;51.6;51.7;51.8;51.8;51.9;52.1;52.2;52.3;52.4;52.5;52.6;52.8;52.9;53;53.1;53.2;53.3;53.5;53.6;53.7;53.8;53.9;54;54.1;54.2;54.3;54.4;54.4;54.5;54.6;54.6;54.7;54.8;54.8;54.9;55;55.1;55.1;55.2;55.3;55.3;55.4;55.5;55.5
140;42.7;43;43.3;43.6;43.9;44.2;44.5;44.7;44.9;45.1;45.3;45.5;45.7;45.8;45.9;46;46.2;46.3;46.4;46.5;46.7;46.8;46.9;47;47.2;47.3;47.5;47.6;47.8;47.9;48;48.2;48.3;48.5;48.6;48.8;48.9;49;49.1;49.1;49.2;49.3;49.4;49.4;49.5;49.6;49.7;49.7;49.8;49.9;50;50;50.1;50.2;50.3;50.4;50.5;50.6;50.7;50.9;51;51.1;51.2;51.3;51.4;51.6;51.7;51.8;51.9;52;52.1;52.3;52.4;52.5;52.6;52.7;52.8;52.8;52.9;53;53.1;53.1;53.2;53.3;53.4;53.4;53.5;53.6;53.6;53.7;53.8;53.9;53.9;54;54.1
145;41.1;41.4;41.8;42.1;42.4;42.8;43.1;43.3;43.5;43.7;43.9;44.1;44.3;44.4;44.5;44.7;44.8;44.9;45;45.2;45.3;45.4;45.5;45.6;45.8;45.9;46;46.2;46.3;46.5;46.6;46.8;46.9;47;47.2;47.3;47.5;47.5;47.6;47.7;47.8;47.9;47.9;48;48.1;48.2;48.3;48.3;48.4;48.5;48.6;48.6;48.7;48.8;48.9;49;49.1;49.2;49.3;49.4;49.6;49.7;49.8;49.9;50;50.1;50.2;50.3;50.5;50.6;50.7;50.8;50.9;51;51.1;51.2;51.3;51.3;51.4;51.5;51.6;51.6;51.7;51.8;51.8;51.9;52;52.1;52.1;52.2;52.3;52.4;52.4;52.5;52.6
150;39.8;40.1;40.4;40.7;41;41.4;41.7;41.9;42.1;42.3;42.6;42.8;43;43.1;43.2;43.3;43.4;43.5;43.6;43.7;43.9;44;44.1;44.2;44.3;44.4;44.6;44.7;44.9;45;45.2;45.3;45.5;45.6;45.8;45.9;46.1;46.1;46.2;46.3;46.4;46.5;46.5;46.6;46.7;46.8;46.8;46.9;47;47.1;47.2;47.2;47.3;47.4;47.5;47.6;47.7;47.8;47.9;48;48.1;48.3;48.4;48.5;48.6;48.7;48.8;48.9;49;49.1;49.2;49.4;49.5;49.6;49.7;49.8;49.8;49.9;50;50;50.1;50.2;50.3;50.3;50.4;50.5;50.6;50.6;50.7;50.8;50.8;50.9;51;51.1;51.1
155;38.6;38.9;39.2;39.5;39.8;40.1;40.5;40.6;40.8;41;41.2;41.4;41.6;41.7;41.8;41.9;42.1;42.2;42.3;42.4;42.5;42.6;42.7;42.9;43;43.1;43.2;43.4;43.5;43.6;43.8;43.9;44.1;44.2;44.3;44.5;44.6;44.7;44.8;44.8;44.9;45;45.1;45.2;45.2;45.3;45.4;45.5;45.6;45.7;45.7;45.8;45.9;46;46.1;46.2;46.3;46.4;46.5;46.6;46.7;46.8;46.9;47.1;47.2;47.3;47.4;47.5;47.6;47.7;47.8;47.9;48.1;48.2;48.3;48.4;48.4;48.5;48.6;48.6;48.7;48.8;48.8;48.9;49;49.1;49.1;49.2;49.3;49.3;49.4;49.5;49.6;49.6;49.7
160;37.4;37.7;38;38.2;38.5;38.8;39.1;39.3;39.5;39.7;39.9;40.1;40.3;40.5;40.6;40.7;40.8;40.9;41;41.1;41.3;41.4;41.5;41.6;41.7;41.8;42;42.1;42.2;42.4;42.5;42.6;42.8;42.9;43;43.1;43.3;43.4;43.4;43.5;43.6;43.7;43.8;43.9;43.9;44;44.1;44.2;44.3;44.4;44.4;44.5;44.6;44.7;44.8;44.9;45;45.1;45.2;45.3;45.4;45.6;45.7;45.8;45.9;46;46.1;46.2;46.3;46.4;46.5;46.7;46.8;46.9;47;47;47.1;47.2;47.3;47.3;47.4;47.5;47.5;47.6;47.7;47.7;47.8;47.9;47.9;48;48.1;48.1;48.2;48.3;48.3
165;36.1;36.3;36.6;36.9;37.2;37.5;37.8;38;38.2;38.5;38.7;38.9;39.1;39.2;39.4;39.5;39.6;39.7;39.8;39.9;40;40.2;40.3;40.4;40.5;40.6;40.7;40.9;41;41.1;41.2;41.4;41.5;41.6;41.7;41.8;42;42.1;42.1;42.2;42.3;42.4;42.4;42.5;42.6;42.7;42.8;42.8;42.9;43;43.1;43.2;43.2;43.3;43.4;43.5;43.6;43.7;43.8;43.9;44.1;44.2;44.3;44.4;44.5;44.6;44.7;44.8;44.9;45.1;45.2;45.3;45.4;45.5;45.6;45.7;45.8;45.8;45.9;46;46;46.1;46.2;46.3;46.3;46.4;46.5;46.5;46.6;46.7;46.8;46.8;46.9;47;47
170;35.1;35.4;35.7;35.9;36.2;36.5;36.8;37;37.1;37.3;37.5;37.7;37.9;38;38.1;38.3;38.4;38.5;38.6;38.7;38.8;38.9;39;39.1;39.3;39.4;39.5;39.6;39.7;39.8;40;40.1;40.2;40.3;40.4;40.6;40.7;40.7;40.8;40.9;41;41.1;41.1;41.2;41.3;41.4;41.5;41.5;41.6;41.7;41.8;41.9;41.9;42;42.1;42.2;42.3;42.4;42.5;42.6;42.8;42.9;43;43.1;43.2;43.3;43.4;43.5;43.6;43.7;43.8;43.9;44;44.2;44.3;44.3;44.4;44.5;44.5;44.6;44.7;44.8;44.8;44.9;45;45;45.1;45.2;45.2;45.3;45.4;45.4;45.5;45.6;45.7
175;33.9;34.2;34.5;34.8;35.1;35.4;35.7;35.9;36;36.2;36.4;36.5;36.7;36.8;36.9;37;37.2;37.3;37.4;37.5;37.6;37.7;37.8;37.9;38.1;38.2;38.3;38.4;38.5;38.6;38.8;38.9;39;39.1;39.2;39.4;39.5;39.6;39.6;39.7;39.8;39.9;40;40;40.1;40.2;40.3;40.4;40.4;40.5;40.6;40.7;40.8;40.8;40.9;41;41.1;41.2;41.3;41.4;41.5;41.7;41.8;41.9;42;42.1;42.2;42.3;42.4;42.5;42.6;42.7;42.8;42.9;43;43.1;43.1;43.2;43.3;43.4;43.4;43.5;43.6;43.6;43.7;43.8;43.8;43.9;44;44.1;44.1;44.2;44.3;44.3;44.4
180;32.8;33.1;33.4;33.7;34;34.3;34.6;34.8;35;35.1;35.3;35.5;35.7;35.8;35.9;36;36.1;36.2;36.3;36.4;36.5;36.6;36.7;36.9;37;37.1;37.2;37.3;37.4;37.5;37.6;37.7;37.8;37.9;38;38.2;38.3;38.3;38.4;38.5;38.6;38.7;38.7;38.8;38.9;39;39;39.1;39.2;39.3;39.4;39.4;39.5;39.6;39.7;39.8;39.9;40;40.1;40.2;40.3;40.4;40.5;40.6;40.7;40.8;40.9;41;41.2;41.3;41.4;41.5;41.6;41.7;41.8;41.9;41.9;42;42.1;42.1;42.2;42.3;42.4;42.4;42.5;42.6;42.7;42.7;42.8;42.9;42.9;43;43.1;43.2;43.2
185;31.7;32;32.3;32.6;32.9;33.2;33.5;33.7;33.9;34;34.2;34.4;34.5;34.6;34.7;34.9;35;35.1;35.2;35.3;35.4;35.5;35.6;35.7;35.8;35.9;36;36.2;36.3;36.4;36.5;36.6;36.7;36.8;36.9;37;37.1;37.2;37.3;37.4;37.5;37.6;37.6;37.7;37.8;37.9;38;38.1;38.1;38.2;38.3;38.4;38.5;38.5;38.6;38.7;38.8;38.9;39;39.1;39.2;39.3;39.4;39.5;39.6;39.7;39.8;39.9;40;40.1;40.2;40.3;40.4;40.5;40.6;40.7;40.8;40.8;40.9;41;41;41.1;41.2;41.3;41.3;41.4;41.5;41.5;41.6;41.7;41.8;41.8;41.9;42;42.1
190;30.9;31.2;31.4;31.7;31.9;32.2;32.4;32.6;32.8;33;33.1;33.3;33.5;33.6;33.7;33.8;33.9;34.1;34.2;34.3;34.4;34.5;34.6;34.7;34.8;34.9;35;35.1;35.2;35.3;35.4;35.5;35.6;35.7;35.8;35.9;36;36.1;36.2;36.3;36.3;36.4;36.5;36.6;36.7;36.8;36.9;36.9;37;37.1;37.2;37.3;37.4;37.4;37.5;37.6;37.7;37.8;37.9;38;38.1;38.2;38.3;38.4;38.5;38.6;38.7;38.8;38.9;39;39.1;39.2;39.3;39.4;39.5;39.6;39.6;39.7;39.8;39.8;39.9;40;40;40.1;40.2;40.3;40.3;40.4;40.5;40.5;40.6;40.7;40.7;40.8;40.9
195;29.6;29.9;30.2;30.5;30.8;31.1;31.4;31.6;31.8;32;32.2;32.4;32.6;32.7;32.8;32.9;33;33.1;33.2;33.3;33.4;33.5;33.5;33.6;33.7;33.8;33.9;34;34.1;34.2;34.3;34.4;34.5;34.7;34.8;34.9;35;35;35.1;35.2;35.3;35.4;35.5;35.5;35.6;35.7;35.8;35.9;35.9;36;36.1;36.2;36.3;36.4;36.4;36.5;36.6;36.7;36.8;36.9;37;37.1;37.2;37.3;37.4;37.5;37.6;37.7;37.8;37.9;38;38.1;38.2;38.2;38.3;38.4;38.5;38.5;38.6;38.7;38.8;38.8;38.9;39;39;39.1;39.2;39.2;39.3;39.4;39.4;39.5;39.6;39.7;39.7
200;28.9;29.1;29.4;29.6;29.8;30;30.2;30.5;30.7;30.9;31.2;31.4;31.6;31.7;31.8;31.9;31.9;32;32.1;32.2;32.3;32.4;32.4;32.5;32.6;32.7;32.8;32.9;33;33.1;33.2;33.4;33.5;33.6;33.7;33.8;33.9;34;34;34.1;34.2;34.3;34.4;34.4;34.5;34.6;34.7;34.7;34.8;34.9;35;35.1;35.1;35.2;35.3;35.4;35.5;35.6;35.7;35.8;35.9;36;36.1;36.2;36.3;36.4;36.5;36.6;36.7;36.8;36.9;37;37.1;37.2;37.2;37.3;37.4;37.5;37.5;37.6;37.7;37.7;37.8;37.9;37.9;38;38.1;38.2;38.2;38.3;38.4;38.4;38.5;38.6;38.6
205;27.8;28.1;28.4;28.7;29;29.3;29.6;29.8;29.9;30.1;30.3;30.4;30.6;30.7;30.7;30.8;30.9;31;31.1;31.2;31.3;31.4;31.5;31.5;31.6;31.7;31.8;31.9;32.1;32.2;32.3;32.4;32.5;32.6;32.7;32.8;32.9;33;33.1;33.1;33.2;33.3;33.4;33.5;33.5;33.6;33.7;33.8;33.9;33.9;34;34.1;34.2;34.3;34.3;34.4;34.5;34.6;34.7;34.8;34.9;35;35.1;35.2;35.3;35.4;35.5;35.6;35.7;35.8;35.9;36;36.1;36.2;36.2;36.3;36.4;36.4;36.5;36.6;36.6;36.7;36.8;36.8;36.9;37;37;37.1;37.2;37.2;37.3;37.4;37.4;37.5;37.6
210;27;27.3;27.6;27.9;28.1;28.4;28.7;28.9;29;29.2;29.3;29.5;29.6;29.7;29.8;29.9;30;30.1;30.2;30.3;30.3;30.4;30.5;30.6;30.7;30.8;30.9;31;31.1;31.2;31.3;31.4;31.5;31.6;31.7;31.8;31.9;32;32.1;32.2;32.2;32.3;32.4;32.5;32.5;32.6;32.7;32.8;32.8;32.9;33;33.1;33.1;33.2;33.3;33.4;33.5;33.6;33.7;33.8;33.9;34;34.1;34.2;34.3;34.4;34.5;34.6;34.7;34.8;34.9;35;35.1;35.2;35.3;35.3;35.4;35.4;35.5;35.6;35.6;35.7;35.7;35.8;35.9;35.9;36;36;36.1;36.2;36.2;36.3;36.3;36.4;36.4
215;26.4;26.5;26.7;26.9;27.1;27.3;27.5;27.7;27.9;28.1;28.3;28.5;28.7;28.8;28.9;29;29.1;29.1;29.2;29.3;29.4;29.5;29.6;29.7;29.8;29.9;29.9;30;30.1;30.2;30.3;30.4;30.5;30.6;30.7;30.8;30.9;31;31.1;31.2;31.2;31.3;31.4;31.5;31.5;31.6;31.7;31.8;31.8;31.9;32;32.1;32.1;32.2;32.3;32.4;32.5;32.6;32.7;32.8;32.9;33;33.1;33.2;33.3;33.4;33.5;33.6;33.7;33.8;33.9;34;34.1;34.2;34.3;34.3;34.4;34.5;34.5;34.6;34.6;34.7;34.8;34.8;34.9;34.9;35;35.1;35.1;35.2;35.3;35.3;35.4;35.4;35.5
220;25.3;25.6;25.9;26.1;26.4;26.7;27;27.2;27.3;27.4;27.6;27.7;27.8;27.9;28;28.1;28.2;28.3;28.4;28.5;28.5;28.6;28.7;28.8;28.9;29;29.1;29.2;29.3;29.4;29.5;29.6;29.7;29.8;29.9;30;30.1;30.1;30.2;30.3;30.3;30.4;30.5;30.5;30.6;30.7;30.7;30.8;30.9;30.9;31;31.1;31.1;31.2;31.3;31.4;31.5;31.6;31.7;31.8;31.9;32;32.1;32.2;32.3;32.4;32.5;32.6;32.7;32.8;32.9;33;33.1;33.2;33.3;33.4;33.4;33.5;33.5;33.6;33.7;33.7;33.8;33.9;33.9;34;34;34.1;34.2;34.2;34.3;34.4;34.4;34.5;34.5
225;24.6;24.9;25.1;25.3;25.5;25.8;26;26.2;26.4;26.6;26.7;26.9;27.1;27.2;27.3;27.3;27.4;27.5;27.5;27.6;27.7;27.8;27.8;27.9;28;28.1;28.2;28.3;28.4;28.5;28.6;28.7;28.8;28.9;29;29.1;29.2;29.3;29.3;29.4;29.5;29.5;29.6;29.7;29.8;29.8;29.9;30;30;30.1;30.2;30.3;30.3;30.4;30.5;30.6;30.7;30.8;30.9;30.9;31;31.1;31.2;31.3;31.4;31.5;31.6;31.7;31.8;31.9;32;32.1;32.2;32.3;32.3;32.4;32.5;32.5;32.6;32.7;32.7;32.8;32.8;32.9;33;33;33.1;33.2;33.2;33.3;33.3;33.4;33.5;33.5;33.6
230;23.8;24;24.3;24.5;24.7;24.9;25.1;25.3;25.5;25.7;25.9;26.1;26.3;26.3;26.4;26.5;26.6;26.6;26.7;26.8;26.9;26.9;27;27.1;27.2;27.3;27.4;27.5;27.6;27.7;27.8;27.9;28;28.1;28.2;28.3;28.4;28.4;28.5;28.6;28.6;28.7;28.8;28.8;28.9;28.9;29;29.1;29.1;29.2;29.3;29.3;29.4;29.5;29.5;29.6;29.7;29.8;29.9;30;30.1;30.2;30.3;30.4;30.5;30.6;30.7;30.8;30.9;30.9;31;31.1;31.2;31.3;31.4;31.5;31.6;31.6;31.7;31.7;31.8;31.9;31.9;32;32.1;32.1;32.2;32.2;32.3;32.4;32.4;32.5;32.6;32.6;32.7
235;23;23.2;23.5;23.7;23.9;24.2;24.4;24.6;24.8;24.9;25.1;25.3;25.5;25.5;25.6;25.7;25.8;25.8;25.9;26;26.1;26.1;26.2;26.3;26.4;26.5;26.6;26.6;26.7;26.8;26.9;27;27.1;27.2;27.3;27.4;27.5;27.6;27.6;27.7;27.8;27.8;27.9;28;28;28.1;28.2;28.2;28.3;28.4;28.4;28.5;28.6;28.6;28.7;28.8;28.9;29;29.1;29.2;29.3;29.4;29.5;29.6;29.6;29.7;29.8;29.9;30;30.1;30.2;30.3;30.4;30.5;30.6;30.7;30.7;30.8;30.8;30.9;31;31;31.1;31.1;31.2;31.2;31.3;31.4;31.4;31.5;31.5;31.6;31.7;31.7;31.8
240;22.5;22.7;22.9;23.1;23.4;23.6;23.8;24;24.1;24.3;24.4;24.6;24.8;24.8;24.9;25;25;25.1;25.2;25.3;25.3;25.4;25.5;25.5;25.6;25.7;25.8;25.9;26;26.1;26.2;26.3;26.4;26.5;26.6;26.7;26.7;26.8;26.9;27;27;27.1;27.2;27.2;27.3;27.4;27.4;27.5;27.6;27.6;27.7;27.8;27.8;27.9;28;28.1;28.1;28.2;28.3;28.4;28.5;28.6;28.7;28.8;28.8;28.9;29;29.1;29.2;29.3;29.4;29.5;29.5;29.6;29.7;29.8;29.8;29.9;30;30;30.1;30.1;30.2;30.3;30.3;30.4;30.4;30.5;30.6;30.6;30.7;30.7;30.8;30.9;30.9
245;21.75;21.95;22.2;22.4;22.7;22.9;23.1;23.3;23.4;23.6;23.75;23.9;24.1;24.1;24.2;24.3;24.3;24.4;24.45;24.55;24.6;24.65;24.75;24.8;24.85;24.95;25.05;25.15;25.25;25.35;25.4;25.5;25.6;25.7;25.8;25.9;25.95;26;26.1;26.2;26.25;26.3;26.4;26.45;26.5;26.6;26.65;26.7;26.8;26.85;26.9;27;27.05;27.15;27.2;27.3;27.35;27.45;27.5;27.6;27.7;27.8;27.9;28;28;28.1;28.2;28.3;28.4;28.5;28.55;28.65;28.7;28.8;28.9;28.95;29;29.05;29.15;29.15;29.25;29.3;29.35;29.45;29.45;29.55;29.55;29.65;29.75;29.75;29.85;29.85;29.95;30;30.05
250;21;21.2;21.5;21.7;22;22.2;22.4;22.6;22.7;22.9;23.1;23.2;23.4;23.4;23.5;23.6;23.6;23.7;23.7;23.8;23.9;23.9;24;24.1;24.1;24.2;24.3;24.4;24.5;24.6;24.6;24.7;24.8;24.9;25;25.1;25.2;25.2;25.3;25.4;25.5;25.5;25.6;25.7;25.7;25.8;25.9;25.9;26;26.1;26.1;26.2;26.3;26.4;26.4;26.5;26.6;26.7;26.7;26.8;26.9;27;27.1;27.2;27.2;27.3;27.4;27.5;27.6;27.7;27.7;27.8;27.9;28;28.1;28.1;28.2;28.2;28.3;28.3;28.4;28.5;28.5;28.6;28.6;28.7;28.7;28.8;28.9;28.9;29;29;29.1;29.1;29.2
255;20.35;20.55;20.8;21;21.25;21.45;21.65;21.8;21.95;22.15;22.35;22.5;22.7;22.75;22.8;22.9;22.9;23;23.05;23.1;23.2;23.2;23.3;23.4;23.4;23.5;23.6;23.7;23.8;23.9;23.95;24.05;24.1;24.2;24.3;24.4;24.5;24.55;24.6;24.7;24.8;24.8;24.9;25;25;25.1;25.2;25.2;25.3;25.35;25.4;25.5;25.55;25.65;25.7;25.75;25.85;25.95;26;26.1;26.15;26.25;26.35;26.45;26.45;26.55;26.65;26.75;26.85;26.9;26.95;27.05;27.15;27.25;27.3;27.35;27.4;27.45;27.55;27.55;27.65;27.7;27.75;27.8;27.85;27.9;27.95;28.05;28.1;28.15;28.2;28.25;28.3;28.35;28.4
260;19.7;19.9;20.1;20.3;20.5;20.7;20.9;21;21.2;21.4;21.6;21.8;22;22.1;22.1;22.2;22.2;22.3;22.4;22.4;22.5;22.5;22.6;22.7;22.7;22.8;22.9;23;23.1;23.2;23.3;23.4;23.4;23.5;23.6;23.7;23.8;23.9;23.9;24;24.1;24.1;24.2;24.3;24.3;24.4;24.5;24.5;24.6;24.6;24.7;24.8;24.8;24.9;25;25;25.1;25.2;25.3;25.4;25.4;25.5;25.6;25.7;25.7;25.8;25.9;26;26.1;26.1;26.2;26.3;26.4;26.5;26.5;26.6;26.6;26.7;26.8;26.8;26.9;26.9;27;27;27.1;27.1;27.2;27.3;27.3;27.4;27.4;27.5;27.5;27.6;27.6
265;19.2;19.35;19.55;19.7;19.9;20.1;20.25;20.4;20.6;20.8;21;21.15;21.35;21.45;21.45;21.55;21.55;21.65;21.7;21.75;21.8;21.85;21.95;22;22.05;22.1;22.2;22.3;22.4;22.5;22.6;22.65;22.7;22.8;22.9;23;23.1;23.15;23.2;23.25;23.35;23.4;23.45;23.55;23.6;23.65;23.75;23.75;23.85;23.9;23.95;24.05;24.05;24.15;24.25;24.25;24.35;24.45;24.55;24.65;24.65;24.75;24.85;24.95;25;25.05;25.15;25.25;25.35;25.4;25.45;25.55;25.65;25.75;25.8;25.85;25.9;25.95;26.05;26.05;26.15;26.2;26.25;26.3;26.35;26.4;26.45;26.55;26.55;26.65;26.7;26.75;26.8;26.85;26.9
270;18.7;18.8;19;19.1;19.3;19.5;19.6;19.8;20;20.2;20.4;20.5;20.7;20.8;20.8;20.9;20.9;21;21;21.1;21.1;21.2;21.3;21.3;21.4;21.4;21.5;21.6;21.7;21.8;21.9;21.9;22;22.1;22.2;22.3;22.4;22.4;22.5;22.5;22.6;22.7;22.7;22.8;22.9;22.9;23;23;23.1;23.2;23.2;23.3;23.3;23.4;23.5;23.5;23.6;23.7;23.8;23.9;23.9;24;24.1;24.2;24.3;24.3;24.4;24.5;24.6;24.7;24.7;24.8;24.9;25;25.1;25.1;25.2;25.2;25.3;25.3;25.4;25.5;25.5;25.6;25.6;25.7;25.7;25.8;25.8;25.9;26;26;26.1;26.1;26.2
